Timestamp , Uptime, BUC1 Power State, BUC1 Power Level, BUC1 10Mhz ,BUC2 Power State, BUC2 Power Level, BUC2 10Mhz, Antenna AGC, Antenna MuteState, Antenna Tracking, Satellite Freq, Antenna Baseball, EXTRA
2459306.774783479,  20 days,  1,  2987,  0,  1,  2955,  0, 730, BLOCK, OFF, 2283.000, BB1/R LOAD  ON , BB2/L LOAD  ON
2459306.775483714,  20 days,  1,  2987,  0,  1,  2955,  0, 729, BLOCK, OFF, 2283.000, BB1/R LOAD  ON , BB2/L LOAD  ON
2459306.776184014,  20 days,  1,  2987,  0,  1,  2952,  0, 729, BLOCK, OFF, 2283.000, BB1/R LOAD  ON , BB2/L LOAD  ON
2459306.776884474,  20 days,  1,  2990,  0,  1,  2955,  0, 729, BLOCK, OFF, 2283.000, BB1/R LOAD  ON , BB2/L LOAD  ON
2459306.777584065,  20 days,  1,  2990,  0,  1,  2955,  0, 729, BLOCK, OFF, 2283.000, BB1/R LOAD  ON , BB2/L LOAD  ON
2459306.778284306,  20 days,  1,  2987,  0,  1,  2965,  0, 728, BLOCK, OFF, 2283.000, BB1/R LOAD  ON , BB2/L LOAD  ON
2459306.778984484,  20 days,  1,  2995,  0,  1,  2955,  0, 729, BLOCK, OFF, 2283.000, BB1/R LOAD  ON , BB2/L LOAD  ON
2459306.779684240,  20 days,  1,  2995,  0,  1,  2952,  0, 729, BLOCK, OFF, 2283.000, BB1/R LOAD  ON , BB2/L LOAD  ON
2459306.780384943,  20 days,  1,  2987,  0,  1,  2955,  0, 729, BLOCK, OFF, 2283.000, BB1/R LOAD  ON , BB2/L LOAD  ON
2459306.781085010,  20 days,  1,  2995,  0,  1,  2958,  0, 729, BLOCK, OFF, 2283.000, BB1/R LOAD  ON , BB2/L LOAD  ON
2459306.781785326,  20 days,  1,  2987,  0,  1,  2958,  0, 729, BLOCK, OFF, 2283.000, BB1/R LOAD  ON , BB2/L LOAD  ON
2459306.782485030,  20 days,  1,  2987,  0,  1,  2955,  0, 729, BLOCK, OFF, 2283.000, BB1/R LOAD  ON , BB2/L LOAD  ON
2459306.783185400,  20 days,  1,  2990,  0,  1,  2952,  0, 729, BLOCK, OFF, 2283.000, BB1/R LOAD  ON , BB2/L LOAD  ON
2459306.783886006,  20 days,  1,  2987,  0,  1,  2955,  0, 730, BLOCK, OFF, 2283.000, BB1/R LOAD  ON , BB2/L LOAD  ON
2459306.784586295,  20 days,  1,  2987,  0,  1,  2958,  0, 730, BLOCK, OFF, 2283.000, BB1/R LOAD  ON , BB2/L LOAD  ON
2459306.785286216,  20 days,  1,  2987,  0,  1,  2955,  0, 730, BLOCK, OFF, 2283.000, BB1/R LOAD  ON , BB2/L LOAD  ON
2459306.785986803,  20 days,  1,  2987,  0,  1,  2955,  0, 730, BLOCK, OFF, 2283.000, BB1/R LOAD  ON , BB2/L LOAD  ON
2459306.786687279,  20 days,  1,  2990,  0,  1,  2965,  0, 729, BLOCK, OFF, 2283.000, BB1/R LOAD  ON , BB2/L LOAD  ON
2459306.787387337,  20 days,  1,  2995,  0,  1,  2962,  0, 730, BLOCK, OFF, 2283.000, BB1/R LOAD  ON , BB2/L LOAD  ON
2459306.788087526,  20 days,  1,  2995,  0,  1,  2962,  0, 729, BLOCK, OFF, 2283.000, BB1/R LOAD  ON , BB2/L LOAD  ON
2459306.788787367,  20 days,  1,  2987,  0,  1,  2955,  0, 730, BLOCK, OFF, 2283.000, BB1/R LOAD  ON , BB2/L LOAD  ON
2459306.789487441,  20 days,  1,  2987,  0,  1,  2962,  0, 729, BLOCK, OFF, 2283.000, BB1/R LOAD  ON , BB2/L LOAD  ON
2459306.790187958,  20 days,  1,  2987,  0,  1,  2955,  0, 730, BLOCK, OFF, 2283.000, BB1/R LOAD  ON , BB2/L LOAD  ON
2459306.790888015,  20 days,  1,  2987,  0,  1,  2955,  0, 729, BLOCK, OFF, 2283.000, BB1/R LOAD  ON , BB2/L LOAD  ON
2459306.791588163,  20 days,  1,  2987,  0,  1,  2955,  0, 729, BLOCK, OFF, 2283.000, BB1/R LOAD  ON , BB2/L LOAD  ON
2459306.792288662,  20 days,  1,  2990,  0,  1,  2955,  0, 730, BLOCK, OFF, 2283.000, BB1/R LOAD  ON , BB2/L LOAD  ON
2459306.792988567,  20 days,  1,  2987,  0,  1,  2955,  0, 729, BLOCK, OFF, 2283.000, BB1/R LOAD  ON , BB2/L LOAD  ON
2459306.793688868,  20 days,  1,  2987,  0,  1,  2955,  0, 729, BLOCK, OFF, 2283.000, BB1/R LOAD  ON , BB2/L LOAD  ON
2459306.794388637,  20 days,  1,  2990,  0,  1,  2955,  0, 730, BLOCK, OFF, 2283.000, BB1/R LOAD  ON , BB2/L LOAD  ON
2459306.795088847,  20 days,  1,  2995,  0,  1,  2952,  0, 730, BLOCK, OFF, 2283.000, BB1/R LOAD  ON , BB2/L LOAD  ON
2459306.795789510,  20 days,  1,  2998,  0,  1,  2962,  0, 730, BLOCK, OFF, 2283.000, BB1/R LOAD  ON , BB2/L LOAD  ON
2459306.796489760,  20 days,  1,  2995,  0,  1,  2955,  0, 729, BLOCK, OFF, 2283.000, BB1/R LOAD  ON , BB2/L LOAD  ON
2459306.797190143,  20 days,  1,  2995,  0,  1,  2958,  0, 730, BLOCK, OFF, 2283.000, BB1/R LOAD  ON , BB2/L LOAD  ON
2459306.797890924,  20 days,  1,  2995,  0,  1,  2958,  0, 730, BLOCK, OFF, 2283.000, BB1/R LOAD  ON , BB2/L LOAD  ON
2459306.798591328,  20 days,  1,  2987,  0,  1,  2955,  0, 729, BLOCK, OFF, 2283.000, BB1/R LOAD  ON , BB2/L LOAD  ON
2459306.799291343,  20 days,  1,  2987,  0,  1,  2955,  0, 729, BLOCK, OFF, 2283.000, BB1/R LOAD  ON , BB2/L LOAD  ON
2459306.799991597,  20 days,  1,  2987,  0,  1,  2958,  0, 729, BLOCK, OFF, 2283.000, BB1/R LOAD  ON , BB2/L LOAD  ON
2459306.800691914,  20 days,  1,  2987,  0,  1,  2955,  0, 730, BLOCK, OFF, 2283.000, BB1/R LOAD  ON , BB2/L LOAD  ON
2459306.801392174,  20 days,  1,  2987,  0,  1,  2955,  0, 730, BLOCK, OFF, 2283.000, BB1/R LOAD  ON , BB2/L LOAD  ON
2459306.802092553,  20 days,  1,  2990,  0,  1,  2962,  0, 729, BLOCK, OFF, 2283.000, BB1/R LOAD  ON , BB2/L LOAD  ON
2459306.802792397,  20 days,  1,  2995,  0,  1,  2952,  0, 729, BLOCK, OFF, 2283.000, BB1/R LOAD  ON , BB2/L LOAD  ON
2459306.803493302,  20 days,  1,  2995,  0,  1,  2952,  0, 729, BLOCK, OFF, 2283.000, BB1/R LOAD  ON , BB2/L LOAD  ON
2459306.804193407,  20 days,  1,  2995,  0,  1,  2952,  0, 729, BLOCK, OFF, 2283.000, BB1/R LOAD  ON , BB2/L LOAD  ON
2459306.804893511,  20 days,  1,  2998,  0,  1,  2968,  0, 727, MOVING, OFF, 2283, BB1/R LOAD  ON , BB2/L LOAD  ON
2459306.805593486,  20 days,  1,  2998,  0,  1,  2961,  0, 747, MOVING_OFF, OFF, 2283, BB1/R LOAD  ON , BB2/L LOAD  ON
2459306.806293988,  20 days,  1,  2987,  0,  1,  2961,  0, 747, MOVING_OFF, OFF, 2283, BB1/R LOAD  ON , BB2/L LOAD  ON
2459306.806994214,  20 days,  1,  2990,  0,  1,  2958,  0, 747, MOVING_OFF, OFF, 2283, BB1/R LOAD  ON , BB2/L LOAD  ON
2459306.807694075,  20 days,  1,  2990,  0,  1,  2958,  0, 746, MOVING_OFF, OFF, 2283, BB1/R LOAD  ON , BB2/L LOAD  ON
2459306.808394526,  20 days,  1,  2996,  0,  1,  2961,  0, 745, STABILITY_OFF, ON, 2283, BB1/R LOAD  ON , BB2/L LOAD  ON
2459306.809095036,  20 days,  1,  2993,  0,  1,  2961,  0, 734, STABILITY_OFF, ON, 2283, BB1/R LOAD  ON , BB2/L LOAD  ON
2459306.809794880,  20 days,  1,  2990,  0,  1,  2958,  0, 735, STABILITY_OFF, ON, 2283, BB1/R LOAD  ON , BB2/L LOAD  ON
2459306.810495130,  20 days,  1,  3001,  0,  1,  2958,  0, 741, STABILITY_OFF, ON, 2283, BB1/R LOAD  ON , BB2/L LOAD  ON
2459306.811195752,  20 days,  1,  2998,  0,  1,  2958,  0, 747, STABILITY_OFF, ON, 2283, BB1/R LOAD  ON , BB2/L LOAD  ON
2459306.811895728,  20 days,  1,  2998,  0,  1,  2961,  0, 754, STABILITY_OFF, ON, 2283, BB1/R LOAD  ON , BB2/L LOAD  ON
2459306.812596378,  20 days,  1,  2998,  0,  1,  2958,  0, 754, STABILITY_OFF, ON, 2283, BB1/R LOAD  ON , BB2/L LOAD  ON
2459306.813296513,  20 days,  1,  2998,  0,  1,  2958,  0, 751, STABILITY_OFF, ON, 2283, BB1/R LOAD  ON , BB2/L LOAD  ON
2459306.813996026,  20 days,  1,  2998,  0,  1,  2961,  0, 748, STABILITY_OFF, ON, 2283, BB1/R LOAD  ON , BB2/L LOAD  ON
2459306.814696355,  20 days,  1,  3001,  0,  1,  2958,  0, 748, STABILITY_OFF, ON, 2283, BB1/R LOAD  ON , BB2/L LOAD  ON
2459306.815396561,  20 days,  1,  2990,  0,  1,  2968,  0, 752, STABILITY_OFF, ON, 2283, BB1/R LOAD  ON , BB2/L LOAD  ON
2459306.816097319,  20 days,  1,  2990,  0,  1,  2968,  0, 753, STABILITY_OFF, ON, 2283, BB1/R LOAD  ON , BB2/L LOAD  ON
2459306.816797730,  20 days,  1,  2998,  0,  1,  2958,  0, 750, STABILITY_OFF, ON, 2283, BB1/R LOAD  ON , BB2/L LOAD  ON
2459306.817498470,  20 days,  1,  2998,  0,  1,  2958,  0, 743, STABILITY_OFF, ON, 2283, BB1/R LOAD  ON , BB2/L LOAD  ON
2459306.818199975,  20 days,  1,  3001,  0,  1,  2958,  0, 739, STABILITY_OFF, ON, 2283, BB1/R LOAD  ON , BB2/L LOAD  ON
2459306.818900287,  20 days,  1,  3004,  0,  1,  2961,  0, 735, STABILITY_OFF, ON, 2283, BB1/R LOAD  ON , BB2/L LOAD  ON
2459306.819600693,  20 days,  1,  3001,  0,  1,  2961,  0, 732, STABILITY_OFF, ON, 2283, BB1/R LOAD  ON , BB2/L LOAD  ON
2459306.820301529,  20 days,  1,  4498,  0,  1,  5001,  0, 732, BLOCK, OFF, 2283.000, BB1/R LOAD  ON , BB2/L LOAD  ON
2459306.821002432,  20 days,  1,  2998,  0,  1,  2955,  0, 728, OFF, OFF, 2283.000, BB1/R LOAD  ON , BB2/L LOAD  ON
2459306.821702942,  20 days,  1,  2998,  0,  1,  2955,  0, 729, OFF, OFF, 2283.000, BB1/R LOAD  ON , BB2/L LOAD  ON
2459306.822403254,  20 days,  1,  2995,  0,  1,  2958,  0, 729, OFF, OFF, 2283.000, BB1/R LOAD  ON , BB2/L LOAD  ON
2459306.823103300,  20 days,  1,  2987,  0,  1,  2955,  0, 729, OFF, OFF, 2283.000, BB1/R LOAD  ON , BB2/L LOAD  ON
2459306.823804016,  20 days,  1,  2987,  0,  1,  2955,  0, 729, OFF, OFF, 2283.000, BB1/R LOAD  ON , BB2/L LOAD  ON
2459306.824504242,  20 days,  1,  2987,  0,  1,  2955,  0, 729, OFF, OFF, 2283.000, BB1/R LOAD  ON , BB2/L LOAD  ON
2459306.825204036,  20 days,  1,  2998,  0,  1,  2955,  0, 728, OFF, OFF, 2283.000, BB1/R LOAD  ON , BB2/L LOAD  ON
2459306.825904633,  20 days,  1,  2998,  0,  1,  2965,  0, 729, OFF, OFF, 2283.000, BB1/R LOAD  ON , BB2/L LOAD  ON
2459306.826604691,  20 days,  1,  2995,  0,  1,  2968,  0, 729, OFF, OFF, 2283.000, BB1/R LOAD  ON , BB2/L LOAD  ON
2459306.827304870,  20 days,  1,  2995,  0,  1,  2955,  0, 728, OFF, OFF, 2283.000, BB1/R LOAD  ON , BB2/L LOAD  ON
2459306.828005064,  20 days,  1,  2998,  0,  1,  2965,  0, 728, OFF, OFF, 2283.000, BB1/R LOAD  ON , BB2/L LOAD  ON
2459306.828705227,  20 days,  1,  2998,  0,  1,  2955,  0, 728, OFF, OFF, 2283.000, BB1/R LOAD  ON , BB2/L LOAD  ON
2459306.829405516,  20 days,  1,  2995,  0,  1,  2955,  0, 729, OFF, OFF, 2283.000, BB1/R LOAD  ON , BB2/L LOAD  ON
2459306.830105752,  20 days,  1,  2995,  0,  1,  2955,  0, 728, OFF, OFF, 2283.000, BB1/R LOAD  ON , BB2/L LOAD  ON
2459306.830805870,  20 days,  1,  2984,  0,  1,  2955,  0, 728, OFF, OFF, 2283.000, BB1/R LOAD  ON , BB2/L LOAD  ON
2459306.831506290,  20 days,  1,  2987,  0,  1,  2955,  0, 729, OFF, OFF, 2283.000, BB1/R LOAD  ON , BB2/L LOAD  ON
2459306.832206736,  20 days,  1,  2995,  0,  1,  2955,  0, 729, OFF, OFF, 2283.000, BB1/R LOAD  ON , BB2/L LOAD  ON
2459306.832906809,  20 days,  1,  2984,  0,  1,  2958,  0, 728, OFF, OFF, 2283.000, BB1/R LOAD  ON , BB2/L LOAD  ON
2459306.833606965,  20 days,  1,  2998,  0,  1,  2958,  0, 728, OFF, OFF, 2283.000, BB1/R LOAD  ON , BB2/L LOAD  ON
2459306.834306994,  20 days,  1,  2995,  0,  1,  2958,  0, 729, OFF, OFF, 2283.000, BB1/R LOAD  ON , BB2/L LOAD  ON
2459306.835007351,  20 days,  1,  2998,  0,  1,  2965,  0, 728, OFF, OFF, 2283.000, BB1/R LOAD  ON , BB2/L LOAD  ON
2459306.835707613,  20 days,  1,  2995,  0,  1,  2955,  0, 728, OFF, OFF, 2283.000, BB1/R LOAD  ON , BB2/L LOAD  ON
2459306.836407955,  20 days,  1,  2995,  0,  1,  2958,  0, 729, OFF, OFF, 2283.000, BB1/R LOAD  ON , BB2/L LOAD  ON
2459306.837108300,  20 days,  1,  2995,  0,  1,  2965,  0, 728, OFF, OFF, 2283.000, BB1/R LOAD  ON , BB2/L LOAD  ON
2459306.837808601,  20 days,  1,  2984,  0,  1,  2955,  0, 728, OFF, OFF, 2283.000, BB1/R LOAD  ON , BB2/L LOAD  ON
2459306.838508350,  20 days,  1,  2984,  0,  1,  2955,  0, 728, OFF, OFF, 2283.000, BB1/R LOAD  ON , BB2/L LOAD  ON
2459306.839208589,  20 days,  1,  2987,  0,  1,  2955,  0, 729, OFF, OFF, 2283.000, BB1/R LOAD  ON , BB2/L LOAD  ON
2459306.839908738,  20 days,  1,  2987,  0,  1,  2962,  0, 728, OFF, OFF, 2283.000, BB1/R LOAD  ON , BB2/L LOAD  ON
2459306.840608891,  20 days,  1,  2987,  0,  1,  2955,  0, 728, OFF, OFF, 2283.000, BB1/R LOAD  ON , BB2/L LOAD  ON
2459306.841309004,  20 days,  1,  2987,  0,  1,  2955,  0, 729, OFF, OFF, 2283.000, BB1/R LOAD  ON , BB2/L LOAD  ON
2459306.842009011,  20 days,  1,  2995,  0,  1,  2955,  0, 729, OFF, OFF, 2283.000, BB1/R LOAD  ON , BB2/L LOAD  ON
2459306.842709452,  20 days,  1,  2995,  0,  1,  2955,  0, 728, OFF, OFF, 2283.000, BB1/R LOAD  ON , BB2/L LOAD  ON
2459306.843409933,  20 days,  1,  2995,  0,  1,  2958,  0, 729, OFF, OFF, 2283.000, BB1/R LOAD  ON , BB2/L LOAD  ON
2459306.844109892,  20 days,  1,  2984,  0,  1,  2955,  0, 728, OFF, OFF, 2283.000, BB1/R LOAD  ON , BB2/L LOAD  ON
2459306.844810378,  20 days,  1,  2995,  0,  1,  2955,  0, 729, OFF, OFF, 2283.000, BB1/R LOAD  ON , BB2/L LOAD  ON
2459306.845510479,  20 days,  1,  2984,  0,  1,  2952,  0, 728, OFF, OFF, 2283.000, BB1/R LOAD  ON , BB2/L LOAD  ON
2459306.846210606,  20 days,  1,  2995,  0,  1,  2955,  0, 729, OFF, OFF, 2283.000, BB1/R LOAD  ON , BB2/L LOAD  ON
2459306.846910881,  20 days,  1,  2987,  0,  1,  2955,  0, 729, OFF, OFF, 2283.000, BB1/R LOAD  ON , BB2/L LOAD  ON
2459306.847611070,  20 days,  1,  2998,  0,  1,  2955,  0, 728, OFF, OFF, 2283.000, BB1/R LOAD  ON , BB2/L LOAD  ON
2459306.848311349,  20 days,  1,  2984,  0,  1,  2955,  0, 728, OFF, OFF, 2283.000, BB1/R LOAD  ON , BB2/L LOAD  ON
2459306.849011831,  20 days,  1,  2984,  0,  1,  2955,  0, 729, OFF, OFF, 2283.000, BB1/R LOAD  ON , BB2/L LOAD  ON
2459306.849711702,  20 days,  1,  2984,  0,  1,  2955,  0, 728, OFF, OFF, 2283.000, BB1/R LOAD  ON , BB2/L LOAD  ON
2459306.850412137,  20 days,  1,  2995,  0,  1,  2955,  0, 729, OFF, OFF, 2283.000, BB1/R LOAD  ON , BB2/L LOAD  ON
2459306.851112882,  20 days,  1,  2984,  0,  1,  2955,  0, 728, OFF, OFF, 2283.000, BB1/R LOAD  ON , BB2/L LOAD  ON
2459306.851813160,  20 days,  1,  2984,  0,  1,  2955,  0, 728, OFF, OFF, 2283.000, BB1/R LOAD  ON , BB2/L LOAD  ON
2459306.852513505,  20 days,  1,  2995,  0,  1,  2958,  0, 729, OFF, OFF, 2283.000, BB1/R LOAD  ON , BB2/L LOAD  ON
2459306.853213745,  20 days,  1,  2984,  0,  1,  2958,  0, 728, OFF, OFF, 2283.000, BB1/R LOAD  ON , BB2/L LOAD  ON
2459306.853913748,  20 days,  1,  2984,  0,  1,  2962,  0, 728, OFF, OFF, 2283.000, BB1/R LOAD  ON , BB2/L LOAD  ON
2459306.854614469,  20 days,  1,  2987,  0,  1,  2955,  0, 728, OFF, OFF, 2283.000, BB1/R LOAD  ON , BB2/L LOAD  ON
2459306.855314194,  20 days,  1,  2984,  0,  1,  2955,  0, 728, OFF, OFF, 2283.000, BB1/R LOAD  ON , BB2/L LOAD  ON
2459306.856014564,  20 days,  1,  2984,  0,  1,  2958,  0, 729, OFF, OFF, 2283.000, BB1/R LOAD  ON , BB2/L LOAD  ON
2459306.856714834,  20 days,  1,  2995,  0,  1,  2955,  0, 728, OFF, OFF, 2283.000, BB1/R LOAD  ON , BB2/L LOAD  ON
2459306.857415202,  20 days,  1,  2987,  0,  1,  2958,  0, 728, OFF, OFF, 2283.000, BB1/R LOAD  ON , BB2/L LOAD  ON
2459306.858115819,  20 days,  1,  2995,  0,  1,  2955,  0, 728, OFF, OFF, 2283.000, BB1/R LOAD  ON , BB2/L LOAD  ON
2459306.858815954,  20 days,  1,  2984,  0,  1,  2965,  0, 728, OFF, OFF, 2283.000, BB1/R LOAD  ON , BB2/L LOAD  ON
2459306.859517198,  20 days,  1,  2995,  0,  1,  2952,  0, 729, OFF, OFF, 2283.000, BB1/R LOAD  ON , BB2/L LOAD  ON
2459306.860217264,  20 days,  1,  2995,  0,  1,  2955,  0, 728, OFF, OFF, 2283.000, BB1/R LOAD  ON , BB2/L LOAD  ON
2459306.860917706,  20 days,  1,  2984,  0,  1,  2958,  0, 728, OFF, OFF, 2283.000, BB1/R LOAD  ON , BB2/L LOAD  ON
2459306.861618894,  20 days,  1,  2984,  0,  1,  2959,  0, 728, OFF, OFF, 2283.000, BB1/R LOAD  ON , BB2/L LOAD  ON
2459306.862319474,  20 days,  1,  2987,  0,  1,  2962,  0, 729, OFF, OFF, 2283.000, BB1/R LOAD  ON , BB2/L LOAD  ON
2459306.863019575,  20 days,  1,  2984,  0,  1,  2955,  0, 728, OFF, OFF, 2283.000, BB1/R LOAD  ON , BB2/L LOAD  ON
2459306.863719869,  20 days,  1,  2995,  0,  1,  2955,  0, 729, OFF, OFF, 2283.000, BB1/R LOAD  ON , BB2/L LOAD  ON
2459306.864420208,  20 days,  1,  2984,  0,  1,  2955,  0, 729, OFF, OFF, 2283.000, BB1/R LOAD  ON , BB2/L LOAD  ON
2459306.865120169,  20 days,  1,  2995,  0,  1,  2955,  0, 728, OFF, OFF, 2283.000, BB1/R LOAD  ON , BB2/L LOAD  ON
2459306.865820681,  20 days,  1,  2992,  0,  1,  2968,  0, 729, OFF, OFF, 2283.000, BB1/R LOAD  ON , BB2/L LOAD  ON
2459306.866521152,  20 days,  1,  2995,  0,  1,  2955,  0, 729, OFF, OFF, 2283.000, BB1/R LOAD  ON , BB2/L LOAD  ON
2459306.867221066,  20 days,  1,  2995,  0,  1,  2958,  0, 728, OFF, OFF, 2283.000, BB1/R LOAD  ON , BB2/L LOAD  ON
2459306.867921388,  20 days,  1,  2984,  0,  1,  2955,  0, 728, OFF, OFF, 2283.000, BB1/R LOAD  ON , BB2/L LOAD  ON
2459306.868621400,  20 days,  1,  2984,  0,  1,  2958,  0, 728, OFF, OFF, 2283.000, BB1/R LOAD  ON , BB2/L LOAD  ON
2459306.869322289,  20 days,  1,  2984,  0,  1,  2955,  0, 728, OFF, OFF, 2283.000, BB1/R LOAD  ON , BB2/L LOAD  ON
2459306.870022489,  20 days,  1,  2984,  0,  1,  2955,  0, 728, OFF, OFF, 2283.000, BB1/R LOAD  ON , BB2/L LOAD  ON
2459306.870723274,  20 days,  1,  2984,  0,  1,  2955,  0, 729, OFF, OFF, 2283.000, BB1/R LOAD  ON , BB2/L LOAD  ON
2459306.871423412,  20 days,  1,  2984,  0,  1,  2952,  0, 728, OFF, OFF, 2283.000, BB1/R LOAD  ON , BB2/L LOAD  ON
2459306.872123230,  20 days,  1,  2987,  0,  1,  2955,  0, 728, OFF, OFF, 2283.000, BB1/R LOAD  ON , BB2/L LOAD  ON
2459306.872823378,  20 days,  1,  2995,  0,  1,  2955,  0, 728, OFF, OFF, 2283.000, BB1/R LOAD  ON , BB2/L LOAD  ON
2459306.873523802,  20 days,  1,  2998,  0,  1,  2955,  0, 728, OFF, OFF, 2283.000, BB1/R LOAD  ON , BB2/L LOAD  ON
2459306.874223903,  20 days,  1,  2987,  0,  1,  2955,  0, 728, OFF, OFF, 2283.000, BB1/R LOAD  ON , BB2/L LOAD  ON
2459306.874924627,  20 days,  1,  2984,  0,  1,  2955,  0, 729, OFF, OFF, 2283.000, BB1/R LOAD  ON , BB2/L LOAD  ON
2459306.875624492,  20 days,  1,  2984,  0,  1,  2955,  0, 729, OFF, OFF, 2283.000, BB1/R LOAD  ON , BB2/L LOAD  ON
2459306.876324646,  20 days,  1,  2984,  0,  1,  2965,  0, 729, OFF, OFF, 2283.000, BB1/R LOAD  ON , BB2/L LOAD  ON
2459306.877024693,  20 days,  1,  2984,  0,  1,  2955,  0, 729, OFF, OFF, 2283.000, BB1/R LOAD  ON , BB2/L LOAD  ON
2459306.877725328,  20 days,  1,  2984,  0,  1,  2955,  0, 728, OFF, OFF, 2283.000, BB1/R LOAD  ON , BB2/L LOAD  ON
2459306.878425415,  20 days,  1,  2987,  0,  1,  2962,  0, 728, OFF, OFF, 2283.000, BB1/R LOAD  ON , BB2/L LOAD  ON
2459306.879125782,  20 days,  1,  2984,  0,  1,  2952,  0, 729, OFF, OFF, 2283.000, BB1/R LOAD  ON , BB2/L LOAD  ON
2459306.879826004,  20 days,  1,  2990,  0,  1,  2955,  0, 728, OFF, OFF, 2283.000, BB1/R LOAD  ON , BB2/L LOAD  ON
2459306.880526135,  20 days,  1,  2987,  0,  1,  2968,  0, 729, OFF, OFF, 2283.000, BB1/R LOAD  ON , BB2/L LOAD  ON
2459306.881226858,  20 days,  1,  2998,  0,  1,  2955,  0, 729, OFF, OFF, 2283.000, BB1/R LOAD  ON , BB2/L LOAD  ON
2459306.881926886,  20 days,  1,  2995,  0,  1,  2955,  0, 728, OFF, OFF, 2283.000, BB1/R LOAD  ON , BB2/L LOAD  ON
2459306.882626630,  20 days,  1,  2984,  0,  1,  2955,  0, 729, OFF, OFF, 2283.000, BB1/R LOAD  ON , BB2/L LOAD  ON
2459306.883327132,  20 days,  1,  2984,  0,  1,  2952,  0, 728, OFF, OFF, 2283.000, BB1/R LOAD  ON , BB2/L LOAD  ON
2459306.884027192,  20 days,  1,  2984,  0,  1,  2962,  0, 728, OFF, OFF, 2283.000, BB1/R LOAD  ON , BB2/L LOAD  ON
2459306.884727868,  20 days,  1,  2984,  0,  1,  2958,  0, 728, OFF, OFF, 2283.000, BB1/R LOAD  ON , BB2/L LOAD  ON
2459306.885427844,  20 days,  1,  2984,  0,  1,  2962,  0, 728, OFF, OFF, 2283.000, BB1/R LOAD  ON , BB2/L LOAD  ON
2459306.886128070,  20 days,  1,  2984,  0,  1,  2955,  0, 728, OFF, OFF, 2283.000, BB1/R LOAD  ON , BB2/L LOAD  ON
2459306.886828158,  20 days,  1,  2998,  0,  1,  2955,  0, 727, OFF, OFF, 2283.000, BB1/R LOAD  ON , BB2/L LOAD  ON
2459306.887528490,  20 days,  1,  2987,  0,  1,  2955,  0, 729, OFF, OFF, 2283.000, BB1/R LOAD  ON , BB2/L LOAD  ON
2459306.888228760,  20 days,  1,  2987,  0,  1,  2955,  0, 728, OFF, OFF, 2283.000, BB1/R LOAD  ON , BB2/L LOAD  ON
2459306.888928729,  20 days,  1,  2987,  0,  1,  2958,  0, 729, OFF, OFF, 2283.000, BB1/R LOAD  ON , BB2/L LOAD  ON
2459306.889628705,  20 days,  1,  2995,  0,  1,  2955,  0, 729, OFF, OFF, 2283.000, BB1/R LOAD  ON , BB2/L LOAD  ON
2459306.890328812,  20 days,  1,  2987,  0,  1,  2952,  0, 728, OFF, OFF, 2283.000, BB1/R LOAD  ON , BB2/L LOAD  ON
2459306.891028840,  20 days,  1,  2984,  0,  1,  2955,  0, 728, OFF, OFF, 2283.000, BB1/R LOAD  ON , BB2/L LOAD  ON
2459306.891729294,  20 days,  1,  2987,  0,  1,  2958,  0, 728, OFF, OFF, 2283.000, BB1/R LOAD  ON , BB2/L LOAD  ON
2459306.892429759,  20 days,  1,  2990,  0,  1,  2958,  0, 730, BLOCK, OFF, 2283, BB1/R LOAD  ON , BB2/L LOAD  ON
2459306.893129954,  20 days,  1,  2998,  0,  1,  2968,  0, 731, BLOCK, OFF, 2283, BB1/R LOAD  ON , BB2/L LOAD  ON
2459306.893830511,  20 days,  1,  2998,  0,  1,  2965,  0, 731, BLOCK, OFF, 2283, BB1/R LOAD  ON , BB2/L LOAD  ON
2459306.894530868,  20 days,  1,  2998,  0,  1,  2958,  0, 732, BLOCK, OFF, 2283, BB1/R LOAD  ON , BB2/L LOAD  ON
2459306.895230834,  20 days,  1,  2998,  0,  1,  2961,  0, 732, BLOCK, OFF, 2283, BB1/R LOAD  ON , BB2/L LOAD  ON
2459306.895931077,  20 days,  1,  2996,  0,  1,  2961,  0, 736, OFF, ON, 2283, BB1/R LOAD  ON , BB2/L LOAD  ON
2459306.896631411,  20 days,  1,  3004,  0,  1,  2964,  0, 736, OFF, ON, 2283, BB1/R LOAD  ON , BB2/L LOAD  ON
2459306.897331566,  20 days,  1,  3004,  0,  1,  2961,  0, 736, OFF, ON, 2283, BB1/R LOAD  ON , BB2/L LOAD  ON
2459306.898032301,  20 days,  1,  3001,  0,  1,  2968,  0, 740, OFF, ON, 2283, BB1/R LOAD  ON , BB2/L LOAD  ON
2459306.898732752,  20 days,  1,  3001,  0,  1,  2958,  0, 739, OFF, ON, 2283, BB1/R LOAD  ON , BB2/L LOAD  ON
2459306.899432867,  20 days,  1,  3001,  0,  1,  2965,  0, 742, OFF, ON, 2283, BB1/R LOAD  ON , BB2/L LOAD  ON
2459306.900133266,  20 days,  1,  2998,  0,  1,  2958,  0, 741, OFF, ON, 2283, BB1/R LOAD  ON , BB2/L LOAD  ON
2459306.900833955,  20 days,  1,  3001,  0,  1,  2961,  0, 740, OFF, ON, 2283, BB1/R LOAD  ON , BB2/L LOAD  ON
2459306.901534699,  20 days,  1,  3001,  0,  1,  2971,  0, 740, OFF, ON, 2283, BB1/R LOAD  ON , BB2/L LOAD  ON
2459306.902235362,  20 days,  1,  3004,  0,  1,  2964,  0, 738, OFF, ON, 2283, BB1/R LOAD  ON , BB2/L LOAD  ON
2459306.902936054,  20 days,  1,  3001,  0,  1,  2964,  0, 735, OFF, ON, 2283, BB1/R LOAD  ON , BB2/L LOAD  ON
2459306.903636672,  20 days,  1,  3004,  0,  1,  2964,  0, 735, OFF, ON, 2283, BB1/R LOAD  ON , BB2/L LOAD  ON
2459306.904336920,  20 days,  1,  2993,  0,  1,  2970,  0, 733, OFF, ON, 2283, BB1/R LOAD  ON , BB2/L LOAD  ON
2459306.905037243,  20 days,  1,  2987,  0,  1,  2958,  0, 729, BLOCK, OFF, 2283.000, BB1/R LOAD  ON , BB2/L LOAD  ON
2459306.905737383,  20 days,  1,  2987,  0,  1,  2958,  0, 728, BLOCK, OFF, 2283.000, BB1/R LOAD  ON , BB2/L LOAD  ON
2459306.906437613,  20 days,  1,  2998,  0,  1,  2965,  0, 729, BLOCK, OFF, 2283.000, BB1/R LOAD  ON , BB2/L LOAD  ON
2459306.907137839,  20 days,  1,  2987,  0,  1,  2955,  0, 729, BLOCK, OFF, 2283.000, BB1/R LOAD  ON , BB2/L LOAD  ON
2459306.907838091,  20 days,  1,  2987,  0,  1,  2955,  0, 729, BLOCK, OFF, 2283.000, BB1/R LOAD  ON , BB2/L LOAD  ON
2459306.908538381,  20 days,  1,  2995,  0,  1,  2955,  0, 729, BLOCK, OFF, 2283.000, BB1/R LOAD  ON , BB2/L LOAD  ON
2459306.909238699,  20 days,  1,  2998,  0,  1,  2958,  0, 729, BLOCK, OFF, 2283.000, BB1/R LOAD  ON , BB2/L LOAD  ON
2459306.909938955,  20 days,  1,  2998,  0,  1,  2955,  0, 728, BLOCK, OFF, 2283.000, BB1/R LOAD  ON , BB2/L LOAD  ON
2459306.910638849,  20 days,  1,  2998,  0,  1,  2955,  0, 728, BLOCK, OFF, 2283.000, BB1/R LOAD  ON , BB2/L LOAD  ON
2459306.911339694,  20 days,  1,  2995,  0,  1,  2958,  0, 729, BLOCK, OFF, 2283.000, BB1/R LOAD  ON , BB2/L LOAD  ON
2459306.912040084,  20 days,  1,  2995,  0,  1,  2955,  0, 729, BLOCK, OFF, 2283.000, BB1/R LOAD  ON , BB2/L LOAD  ON
2459306.912740417,  20 days,  1,  2995,  0,  1,  2962,  0, 729, BLOCK, OFF, 2283.000, BB1/R LOAD  ON , BB2/L LOAD  ON
2459306.913440381,  20 days,  1,  2995,  0,  1,  2955,  0, 728, BLOCK, OFF, 2283.000, BB1/R LOAD  ON , BB2/L LOAD  ON
2459306.914140667,  20 days,  1,  2995,  0,  1,  2952,  0, 729, BLOCK, OFF, 2283.000, BB1/R LOAD  ON , BB2/L LOAD  ON
2459306.914840790,  20 days,  1,  2998,  0,  1,  2962,  0, 730, BLOCK, OFF, 2283.000, BB1/R LOAD  ON , BB2/L LOAD  ON
2459306.915540913,  20 days,  1,  2998,  0,  1,  2952,  0, 729, BLOCK, OFF, 2283.000, BB1/R LOAD  ON , BB2/L LOAD  ON
2459306.916241413,  20 days,  1,  2995,  0,  1,  2955,  0, 728, BLOCK, OFF, 2283.000, BB1/R LOAD  ON , BB2/L LOAD  ON
2459306.916941795,  20 days,  1,  2984,  0,  1,  2955,  0, 729, BLOCK, OFF, 2283.000, BB1/R LOAD  ON , BB2/L LOAD  ON
2459306.917641916,  20 days,  1,  2995,  0,  1,  2962,  0, 728, BLOCK, OFF, 2283.000, BB1/R LOAD  ON , BB2/L LOAD  ON
2459306.918342462,  20 days,  1,  2998,  0,  1,  2952,  0, 729, BLOCK, OFF, 2283.000, BB1/R LOAD  ON , BB2/L LOAD  ON
2459306.919042831,  20 days,  1,  2984,  0,  1,  2952,  0, 729, BLOCK, OFF, 2283.000, BB1/R LOAD  ON , BB2/L LOAD  ON
2459306.919742408,  20 days,  1,  2995,  0,  1,  2962,  0, 729, BLOCK, OFF, 2283.000, BB1/R LOAD  ON , BB2/L LOAD  ON
2459306.920442737,  20 days,  1,  2984,  0,  1,  2952,  0, 728, BLOCK, OFF, 2283.000, BB1/R LOAD  ON , BB2/L LOAD  ON
2459306.921142995,  20 days,  1,  2984,  0,  1,  2952,  0, 729, BLOCK, OFF, 2283.000, BB1/R LOAD  ON , BB2/L LOAD  ON
2459306.921843316,  20 days,  1,  2984,  0,  1,  2952,  0, 730, BLOCK, OFF, 2283.000, BB1/R LOAD  ON , BB2/L LOAD  ON
2459306.922543722,  20 days,  1,  2987,  0,  1,  2952,  0, 729, BLOCK, OFF, 2283.000, BB1/R LOAD  ON , BB2/L LOAD  ON
2459306.923243517,  20 days,  1,  2984,  0,  1,  2955,  0, 729, BLOCK, OFF, 2283.000, BB1/R LOAD  ON , BB2/L LOAD  ON
2459306.923943714,  20 days,  1,  2984,  0,  1,  2952,  0, 729, BLOCK, OFF, 2283.000, BB1/R LOAD  ON , BB2/L LOAD  ON
2459306.924644177,  20 days,  1,  2995,  0,  1,  2962,  0, 728, BLOCK, OFF, 2283.000, BB1/R LOAD  ON , BB2/L LOAD  ON
2459306.925344357,  20 days,  1,  2995,  0,  1,  2965,  0, 728, BLOCK, OFF, 2283.000, BB1/R LOAD  ON , BB2/L LOAD  ON
2459306.926044316,  20 days,  1,  2987,  0,  1,  2955,  0, 728, BLOCK, OFF, 2283.000, BB1/R LOAD  ON , BB2/L LOAD  ON
2459306.926744445,  20 days,  1,  2987,  0,  1,  2952,  0, 728, BLOCK, OFF, 2283.000, BB1/R LOAD  ON , BB2/L LOAD  ON
2459306.927444846,  20 days,  1,  2984,  0,  1,  2955,  0, 728, BLOCK, OFF, 2283.000, BB1/R LOAD  ON , BB2/L LOAD  ON
2459306.928145095,  20 days,  1,  2987,  0,  1,  2952,  0, 728, BLOCK, OFF, 2283.000, BB1/R LOAD  ON , BB2/L LOAD  ON
2459306.928844998,  20 days,  1,  2987,  0,  1,  2962,  0, 729, BLOCK, OFF, 2283.000, BB1/R LOAD  ON , BB2/L LOAD  ON
2459306.929545208,  20 days,  1,  2984,  0,  1,  2962,  0, 729, BLOCK, OFF, 2283.000, BB1/R LOAD  ON , BB2/L LOAD  ON
2459306.930245498,  20 days,  1,  2984,  0,  1,  2952,  0, 728, BLOCK, OFF, 2283.000, BB1/R LOAD  ON , BB2/L LOAD  ON
2459306.930945773,  20 days,  1,  2984,  0,  1,  2952,  0, 728, BLOCK, OFF, 2283.000, BB1/R LOAD  ON , BB2/L LOAD  ON
2459306.931645872,  20 days,  1,  2984,  0,  1,  2952,  0, 729, BLOCK, OFF, 2283.000, BB1/R LOAD  ON , BB2/L LOAD  ON
2459306.932346442,  20 days,  1,  2984,  0,  1,  2952,  0, 729, BLOCK, OFF, 2283.000, BB1/R LOAD  ON , BB2/L LOAD  ON
2459306.933046445,  20 days,  1,  2984,  0,  1,  2952,  0, 728, BLOCK, OFF, 2283.000, BB1/R LOAD  ON , BB2/L LOAD  ON
2459306.933746560,  20 days,  1,  2987,  0,  1,  2952,  0, 728, BLOCK, OFF, 2283.000, BB1/R LOAD  ON , BB2/L LOAD  ON
2459306.934446905,  20 days,  1,  2984,  0,  1,  2962,  0, 728, BLOCK, OFF, 2283.000, BB1/R LOAD  ON , BB2/L LOAD  ON
2459306.935147616,  20 days,  1,  2984,  0,  1,  2955,  0, 728, BLOCK, OFF, 2283.000, BB1/R LOAD  ON , BB2/L LOAD  ON
2459306.935847825,  20 days,  1,  2995,  0,  1,  2955,  0, 728, BLOCK, OFF, 2283.000, BB1/R LOAD  ON , BB2/L LOAD  ON
2459306.936547233,  20 days,  1,  2995,  0,  1,  2958,  0, 728, BLOCK, OFF, 2283.000, BB1/R LOAD  ON , BB2/L LOAD  ON
2459306.937247234,  20 days,  1,  2995,  0,  1,  2955,  0, 728, BLOCK, OFF, 2283.000, BB1/R LOAD  ON , BB2/L LOAD  ON
2459306.937947715,  20 days,  1,  2995,  0,  1,  2955,  0, 729, BLOCK, OFF, 2283.000, BB1/R LOAD  ON , BB2/L LOAD  ON
2459306.938647569,  20 days,  1,  2995,  0,  1,  2955,  0, 729, BLOCK, OFF, 2283.000, BB1/R LOAD  ON , BB2/L LOAD  ON
2459306.939347878,  20 days,  1,  2998,  0,  1,  2955,  0, 729, BLOCK, OFF, 2283.000, BB1/R LOAD  ON , BB2/L LOAD  ON
2459306.940048402,  20 days,  1,  2995,  0,  1,  2952,  0, 728, BLOCK, OFF, 2283.000, BB1/R LOAD  ON , BB2/L LOAD  ON
2459306.940748649,  20 days,  1,  2987,  0,  1,  2955,  0, 729, BLOCK, OFF, 2283.000, BB1/R LOAD  ON , BB2/L LOAD  ON
2459306.941448621,  20 days,  1,  2984,  0,  1,  2952,  0, 728, BLOCK, OFF, 2283.000, BB1/R LOAD  ON , BB2/L LOAD  ON
2459306.942148964,  20 days,  1,  2984,  0,  1,  2962,  0, 728, BLOCK, OFF, 2283.000, BB1/R LOAD  ON , BB2/L LOAD  ON
2459306.942849202,  20 days,  1,  2984,  0,  1,  2962,  0, 729, BLOCK, OFF, 2283.000, BB1/R LOAD  ON , BB2/L LOAD  ON
2459306.943549577,  20 days,  1,  2995,  0,  1,  2965,  0, 729, BLOCK, OFF, 2283.000, BB1/R LOAD  ON , BB2/L LOAD  ON
2459306.944250401,  20 days,  1,  2995,  0,  1,  2955,  0, 728, BLOCK, OFF, 2283.000, BB1/R LOAD  ON , BB2/L LOAD  ON
2459306.944950748,  20 days,  1,  2995,  0,  1,  2955,  0, 729, BLOCK, OFF, 2283.000, BB1/R LOAD  ON , BB2/L LOAD  ON
2459306.945650901,  20 days,  1,  2995,  0,  1,  2955,  0, 728, BLOCK, OFF, 2283.000, BB1/R LOAD  ON , BB2/L LOAD  ON
2459306.946351012,  20 days,  1,  2995,  0,  1,  2965,  0, 728, BLOCK, OFF, 2283.000, BB1/R LOAD  ON , BB2/L LOAD  ON
2459306.947051580,  20 days,  1,  2995,  0,  1,  2952,  0, 727, BLOCK, OFF, 2283.000, BB1/R LOAD  ON , BB2/L LOAD  ON
2459306.947752226,  20 days,  1,  2998,  0,  1,  2958,  0, 729, BLOCK, OFF, 2283.000, BB1/R LOAD  ON , BB2/L LOAD  ON
2459306.948453083,  20 days,  1,  2998,  0,  1,  2952,  0, 728, BLOCK, OFF, 2283.000, BB1/R LOAD  ON , BB2/L LOAD  ON
2459306.949153553,  20 days,  1,  2984,  0,  1,  2952,  0, 728, BLOCK, OFF, 2283.000, BB1/R LOAD  ON , BB2/L LOAD  ON
2459306.949853644,  20 days,  1,  2987,  0,  1,  2952,  0, 728, BLOCK, OFF, 2283.000, BB1/R LOAD  ON , BB2/L LOAD  ON
2459306.950554097,  20 days,  1,  2995,  0,  1,  2952,  0, 729, BLOCK, OFF, 2283.000, BB1/R LOAD  ON , BB2/L LOAD  ON
2459306.951254310,  20 days,  1,  2995,  0,  1,  2952,  0, 727, BLOCK, OFF, 2283.000, BB1/R LOAD  ON , BB2/L LOAD  ON
2459306.951954872,  20 days,  1,  2987,  0,  1,  2952,  0, 728, BLOCK, OFF, 2283.000, BB1/R LOAD  ON , BB2/L LOAD  ON
2459306.952655644,  20 days,  1,  2984,  0,  1,  2952,  0, 728, BLOCK, OFF, 2283.000, BB1/R LOAD  ON , BB2/L LOAD  ON
2459306.953355754,  20 days,  1,  2984,  0,  1,  2955,  0, 728, BLOCK, OFF, 2283.000, BB1/R LOAD  ON , BB2/L LOAD  ON
2459306.954055747,  20 days,  1,  2984,  0,  1,  2955,  0, 729, BLOCK, OFF, 2283.000, BB1/R LOAD  ON , BB2/L LOAD  ON
2459306.954756196,  20 days,  1,  2984,  0,  1,  2952,  0, 729, BLOCK, OFF, 2283.000, BB1/R LOAD  ON , BB2/L LOAD  ON
2459306.955456173,  20 days,  1,  2984,  0,  1,  2962,  0, 728, BLOCK, OFF, 2283.000, BB1/R LOAD  ON , BB2/L LOAD  ON
2459306.956156606,  20 days,  1,  2984,  0,  1,  2955,  0, 729, BLOCK, OFF, 2283.000, BB1/R LOAD  ON , BB2/L LOAD  ON
2459306.956857130,  20 days,  1,  2984,  0,  1,  2958,  0, 727, BLOCK, OFF, 2283.000, BB1/R LOAD  ON , BB2/L LOAD  ON
2459306.957557160,  20 days,  1,  2987,  0,  1,  2962,  0, 728, BLOCK, OFF, 2283.000, BB1/R LOAD  ON , BB2/L LOAD  ON
2459306.958257684,  20 days,  1,  2984,  0,  1,  2955,  0, 729, BLOCK, OFF, 2283.000, BB1/R LOAD  ON , BB2/L LOAD  ON
2459306.958957610,  20 days,  1,  2984,  0,  1,  2955,  0, 728, BLOCK, OFF, 2283.000, BB1/R LOAD  ON , BB2/L LOAD  ON
2459306.959658246,  20 days,  1,  2987,  0,  1,  2949,  0, 728, BLOCK, OFF, 2283.000, BB1/R LOAD  ON , BB2/L LOAD  ON
2459306.960359466,  20 days,  1,  2990,  0,  1,  2955,  0, 729, BLOCK, OFF, 2283.000, BB1/R LOAD  ON , BB2/L LOAD  ON
2459306.961059030,  20 days,  1,  2984,  0,  1,  2952,  0, 729, BLOCK, OFF, 2283.000, BB1/R LOAD  ON , BB2/L LOAD  ON
2459306.961759310,  20 days,  1,  2987,  0,  1,  2952,  0, 728, BLOCK, OFF, 2283.000, BB1/R LOAD  ON , BB2/L LOAD  ON
2459306.962459618,  20 days,  1,  2987,  0,  1,  2952,  0, 728, BLOCK, OFF, 2283.000, BB1/R LOAD  ON , BB2/L LOAD  ON
2459306.963159459,  20 days,  1,  2992,  0,  1,  2952,  0, 728, BLOCK, OFF, 2283.000, BB1/R LOAD  ON , BB2/L LOAD  ON
2459306.963860012,  20 days,  1,  2984,  0,  1,  2952,  0, 728, BLOCK, OFF, 2283.000, BB1/R LOAD  ON , BB2/L LOAD  ON
2459306.964560034,  20 days,  1,  2992,  0,  1,  2949,  0, 729, BLOCK, OFF, 2283.000, BB1/R LOAD  ON , BB2/L LOAD  ON
2459306.965259742,  20 days,  1,  2992,  0,  1,  2952,  0, 729, BLOCK, OFF, 2283.000, BB1/R LOAD  ON , BB2/L LOAD  ON
2459306.965960281,  20 days,  1,  2984,  0,  1,  2952,  0, 728, BLOCK, OFF, 2283.000, BB1/R LOAD  ON , BB2/L LOAD  ON
2459306.966660164,  20 days,  1,  2992,  0,  1,  2952,  0, 729, BLOCK, OFF, 2283.000, BB1/R LOAD  ON , BB2/L LOAD  ON
2459306.967360765,  20 days,  1,  2995,  0,  1,  2949,  0, 729, BLOCK, OFF, 2283.000, BB1/R LOAD  ON , BB2/L LOAD  ON
2459306.968060884,  20 days,  1,  2995,  0,  1,  2959,  0, 729, BLOCK, OFF, 2283.000, BB1/R LOAD  ON , BB2/L LOAD  ON
2459306.968761405,  20 days,  1,  2992,  0,  1,  2959,  0, 728, BLOCK, OFF, 2283.000, BB1/R LOAD  ON , BB2/L LOAD  ON
2459306.969461863,  20 days,  1,  2992,  0,  1,  2952,  0, 729, BLOCK, OFF, 2283.000, BB1/R LOAD  ON , BB2/L LOAD  ON
2459306.970161762,  20 days,  1,  2995,  0,  1,  2952,  0, 728, BLOCK, OFF, 2283.000, BB1/R LOAD  ON , BB2/L LOAD  ON
2459306.970862423,  20 days,  1,  2992,  0,  1,  2955,  0, 728, BLOCK, OFF, 2283.000, BB1/R LOAD  ON , BB2/L LOAD  ON
2459306.971562532,  20 days,  1,  2992,  0,  1,  2959,  0, 728, BLOCK, OFF, 2283.000, BB1/R LOAD  ON , BB2/L LOAD  ON
2459306.972262647,  20 days,  1,  2992,  0,  1,  2955,  0, 728, BLOCK, OFF, 2283.000, BB1/R LOAD  ON , BB2/L LOAD  ON
2459306.972962629,  20 days,  1,  2992,  0,  1,  2962,  0, 728, BLOCK, OFF, 2283.000, BB1/R LOAD  ON , BB2/L LOAD  ON
2459306.973663170,  20 days,  1,  2992,  0,  1,  2952,  0, 728, BLOCK, OFF, 2283.000, BB1/R LOAD  ON , BB2/L LOAD  ON
2459306.974362653,  20 days,  1,  2992,  0,  1,  2959,  0, 729, BLOCK, OFF, 2283.000, BB1/R LOAD  ON , BB2/L LOAD  ON
2459306.975063492,  20 days,  1,  2995,  0,  1,  2949,  0, 729, BLOCK, OFF, 2283.000, BB1/R LOAD  ON , BB2/L LOAD  ON
2459306.975763834,  20 days,  1,  2992,  0,  1,  2959,  0, 728, BLOCK, OFF, 2283.000, BB1/R LOAD  ON , BB2/L LOAD  ON
2459306.976464522,  20 days,  1,  2998,  0,  1,  2949,  0, 728, BLOCK, OFF, 2283.000, BB1/R LOAD  ON , BB2/L LOAD  ON
2459306.977164596,  20 days,  1,  2992,  0,  1,  2962,  0, 728, BLOCK, OFF, 2283.000, BB1/R LOAD  ON , BB2/L LOAD  ON
2459306.977864452,  20 days,  1,  2992,  0,  1,  2959,  0, 728, BLOCK, OFF, 2283.000, BB1/R LOAD  ON , BB2/L LOAD  ON
2459306.978564951,  20 days,  1,  2995,  0,  1,  2949,  0, 728, BLOCK, OFF, 2283.000, BB1/R LOAD  ON , BB2/L LOAD  ON
2459306.979264968,  20 days,  1,  2992,  0,  1,  2949,  0, 728, BLOCK, OFF, 2283.000, BB1/R LOAD  ON , BB2/L LOAD  ON
2459306.979965219,  20 days,  1,  2995,  0,  1,  2952,  0, 728, BLOCK, OFF, 2283.000, BB1/R LOAD  ON , BB2/L LOAD  ON
2459306.980664912,  20 days,  1,  2984,  0,  1,  2949,  0, 728, BLOCK, OFF, 2283.000, BB1/R LOAD  ON , BB2/L LOAD  ON
2459306.981365485,  20 days,  1,  2995,  0,  1,  2952,  0, 728, BLOCK, OFF, 2283.000, BB1/R LOAD  ON , BB2/L LOAD  ON
2459306.982065913,  20 days,  1,  2992,  0,  1,  2952,  0, 728, BLOCK, OFF, 2283.000, BB1/R LOAD  ON , BB2/L LOAD  ON
2459306.982766145,  20 days,  1,  2992,  0,  1,  2949,  0, 728, BLOCK, OFF, 2283.000, BB1/R LOAD  ON , BB2/L LOAD  ON
2459306.983466451,  20 days,  1,  2992,  0,  1,  2952,  0, 729, BLOCK, OFF, 2283.000, BB1/R LOAD  ON , BB2/L LOAD  ON
2459306.984166449,  20 days,  1,  2995,  0,  1,  2952,  0, 728, BLOCK, OFF, 2283.000, BB1/R LOAD  ON , BB2/L LOAD  ON
2459306.984866903,  20 days,  1,  2995,  0,  1,  2949,  0, 728, BLOCK, OFF, 2283.000, BB1/R LOAD  ON , BB2/L LOAD  ON
2459306.985566868,  20 days,  1,  2984,  0,  1,  2959,  0, 728, BLOCK, OFF, 2283.000, BB1/R LOAD  ON , BB2/L LOAD  ON
2459306.986267421,  20 days,  1,  2981,  0,  1,  2956,  0, 728, BLOCK, OFF, 2283.000, BB1/R LOAD  ON , BB2/L LOAD  ON
2459306.986967497,  20 days,  1,  2995,  0,  1,  2952,  0, 728, BLOCK, OFF, 2283.000, BB1/R LOAD  ON , BB2/L LOAD  ON
2459306.987667732,  20 days,  1,  2984,  0,  1,  2949,  0, 728, BLOCK, OFF, 2283.000, BB1/R LOAD  ON , BB2/L LOAD  ON
2459306.988368010,  20 days,  1,  2989,  0,  1,  2949,  0, 728, BLOCK, OFF, 2283.000, BB1/R LOAD  ON , BB2/L LOAD  ON
2459306.989068100,  20 days,  1,  2981,  0,  1,  2952,  0, 729, BLOCK, OFF, 2283.000, BB1/R LOAD  ON , BB2/L LOAD  ON
2459306.989768110,  20 days,  1,  2992,  0,  1,  2949,  0, 728, BLOCK, OFF, 2283.000, BB1/R LOAD  ON , BB2/L LOAD  ON
2459306.990468260,  20 days,  1,  2989,  0,  1,  2952,  0, 728, BLOCK, OFF, 2283.000, BB1/R LOAD  ON , BB2/L LOAD  ON
2459306.991168125,  20 days,  1,  2992,  0,  1,  2956,  0, 728, BLOCK, OFF, 2283.000, BB1/R LOAD  ON , BB2/L LOAD  ON
2459306.991869092,  20 days,  1,  2992,  0,  1,  2959,  0, 728, BLOCK, OFF, 2283.000, BB1/R LOAD  ON , BB2/L LOAD  ON
2459306.992569784,  20 days,  1,  2981,  0,  1,  2959,  0, 728, BLOCK, OFF, 2283.000, BB1/R LOAD  ON , BB2/L LOAD  ON
2459306.993269596,  20 days,  1,  2992,  0,  1,  2956,  0, 728, BLOCK, OFF, 2283.000, BB1/R LOAD  ON , BB2/L LOAD  ON
2459306.993969752,  20 days,  1,  2992,  0,  1,  2959,  0, 728, BLOCK, OFF, 2283.000, BB1/R LOAD  ON , BB2/L LOAD  ON
2459306.994670139,  20 days,  1,  2989,  0,  1,  2949,  0, 729, BLOCK, OFF, 2283.000, BB1/R LOAD  ON , BB2/L LOAD  ON
2459306.995370231,  20 days,  1,  2992,  0,  1,  2959,  0, 728, BLOCK, OFF, 2283.000, BB1/R LOAD  ON , BB2/L LOAD  ON
2459306.996070841,  20 days,  1,  2992,  0,  1,  2959,  0, 728, BLOCK, OFF, 2283.000, BB1/R LOAD  ON , BB2/L LOAD  ON
2459306.996771915,  20 days,  1,  2989,  0,  1,  2959,  0, 729, BLOCK, OFF, 2283.000, BB1/R LOAD  ON , BB2/L LOAD  ON
2459306.997472294,  20 days,  1,  2989,  0,  1,  2949,  0, 729, BLOCK, OFF, 2283.000, BB1/R LOAD  ON , BB2/L LOAD  ON
2459306.998172708,  20 days,  1,  2992,  0,  1,  2949,  0, 728, BLOCK, OFF, 2283.000, BB1/R LOAD  ON , BB2/L LOAD  ON
2459306.998873358,  20 days,  1,  2992,  0,  1,  2956,  0, 728, BLOCK, OFF, 2283.000, BB1/R LOAD  ON , BB2/L LOAD  ON
2459306.999573857,  20 days,  1,  2992,  0,  1,  2956,  0, 728, BLOCK, OFF, 2283.000, BB1/R LOAD  ON , BB2/L LOAD  ON
2459307.000274332,  20 days,  1,  2992,  0,  1,  2959,  0, 728, BLOCK, OFF, 2283.000, BB1/R LOAD  ON , BB2/L LOAD  ON
2459307.000974402,  20 days,  1,  2992,  0,  1,  2959,  0, 728, BLOCK, OFF, 2283.000, BB1/R LOAD  ON , BB2/L LOAD  ON
2459307.001674778,  20 days,  1,  2992,  0,  1,  2949,  0, 728, BLOCK, OFF, 2283.000, BB1/R LOAD  ON , BB2/L LOAD  ON
2459307.002375207,  20 days,  1,  2989,  0,  1,  2949,  0, 728, BLOCK, OFF, 2283.000, BB1/R LOAD  ON , BB2/L LOAD  ON
2459307.003075359,  20 days,  1,  2992,  0,  1,  2949,  0, 728, BLOCK, OFF, 2283.000, BB1/R LOAD  ON , BB2/L LOAD  ON
2459307.003775627,  20 days,  1,  2989,  0,  1,  2946,  0, 728, BLOCK, OFF, 2283.000, BB1/R LOAD  ON , BB2/L LOAD  ON
2459307.004475563,  20 days,  1,  2992,  0,  1,  2946,  0, 728, BLOCK, OFF, 2283.000, BB1/R LOAD  ON , BB2/L LOAD  ON
2459307.005175859,  20 days,  1,  2992,  0,  1,  2949,  0, 728, BLOCK, OFF, 2283.000, BB1/R LOAD  ON , BB2/L LOAD  ON
2459307.005876083,  20 days,  1,  2992,  0,  1,  2946,  0, 728, BLOCK, OFF, 2283.000, BB1/R LOAD  ON , BB2/L LOAD  ON
2459307.006576117,  20 days,  1,  2992,  0,  1,  2946,  0, 728, BLOCK, OFF, 2283.000, BB1/R LOAD  ON , BB2/L LOAD  ON
2459307.007276338,  20 days,  1,  2992,  0,  1,  2956,  0, 728, BLOCK, OFF, 2283.000, BB1/R LOAD  ON , BB2/L LOAD  ON
2459307.007976662,  20 days,  1,  2992,  0,  1,  2956,  0, 729, BLOCK, OFF, 2283.000, BB1/R LOAD  ON , BB2/L LOAD  ON
2459307.008677037,  20 days,  1,  2992,  0,  1,  2954,  0, 728, BLOCK, OFF, 2283.000, BB1/R LOAD  ON , BB2/L LOAD  ON
2459307.009377258,  20 days,  1,  2992,  0,  1,  2956,  0, 729, BLOCK, OFF, 2283.000, BB1/R LOAD  ON , BB2/L LOAD  ON
2459307.010077434,  20 days,  1,  2992,  0,  1,  2949,  0, 728, BLOCK, OFF, 2283.000, BB1/R LOAD  ON , BB2/L LOAD  ON
2459307.010777980,  20 days,  1,  2992,  0,  1,  2949,  0, 729, BLOCK, OFF, 2283.000, BB1/R LOAD  ON , BB2/L LOAD  ON
2459307.011478252,  20 days,  1,  2999,  0,  1,  2954,  0, 727, BLOCK, OFF, 2283.000, BB1/R LOAD  ON , BB2/L LOAD  ON
2459307.012178050,  20 days,  1,  2989,  0,  1,  2956,  0, 728, BLOCK, OFF, 2283.000, BB1/R LOAD  ON , BB2/L LOAD  ON
2459307.012878574,  20 days,  1,  2992,  0,  1,  2956,  0, 727, BLOCK, OFF, 2283.000, BB1/R LOAD  ON , BB2/L LOAD  ON
2459307.013578356,  20 days,  1,  2989,  0,  1,  2946,  0, 728, BLOCK, OFF, 2283.000, BB1/R LOAD  ON , BB2/L LOAD  ON
2459307.014278958,  20 days,  1,  2989,  0,  1,  2946,  0, 728, BLOCK, OFF, 2283.000, BB1/R LOAD  ON , BB2/L LOAD  ON
2459307.014979150,  20 days,  1,  2992,  0,  1,  2946,  0, 727, BLOCK, OFF, 2283.000, BB1/R LOAD  ON , BB2/L LOAD  ON
2459307.015679481,  20 days,  1,  2992,  0,  1,  2946,  0, 729, BLOCK, OFF, 2283.000, BB1/R LOAD  ON , BB2/L LOAD  ON
2459307.016379420,  20 days,  1,  2992,  0,  1,  2946,  0, 728, BLOCK, OFF, 2283.000, BB1/R LOAD  ON , BB2/L LOAD  ON
2459307.017079733,  20 days,  1,  2992,  0,  1,  2946,  0, 728, BLOCK, OFF, 2283.000, BB1/R LOAD  ON , BB2/L LOAD  ON
2459307.017780043,  20 days,  1,  2992,  0,  1,  2949,  0, 728, BLOCK, OFF, 2283.000, BB1/R LOAD  ON , BB2/L LOAD  ON
2459307.018480457,  20 days,  1,  2995,  0,  1,  2954,  0, 727, BLOCK, OFF, 2283.000, BB1/R LOAD  ON , BB2/L LOAD  ON
2459307.019180701,  20 days,  1,  2999,  0,  1,  2956,  0, 728, BLOCK, OFF, 2283.000, BB1/R LOAD  ON , BB2/L LOAD  ON
2459307.019880934,  20 days,  1,  2996,  0,  1,  2954,  0, 727, BLOCK, OFF, 2283.000, BB1/R LOAD  ON , BB2/L LOAD  ON
2459307.020581377,  20 days,  1,  2989,  0,  1,  2956,  0, 728, BLOCK, OFF, 2283.000, BB1/R LOAD  ON , BB2/L LOAD  ON
2459307.021281011,  20 days,  1,  2989,  0,  1,  2954,  0, 728, BLOCK, OFF, 2283.000, BB1/R LOAD  ON , BB2/L LOAD  ON
2459307.021981341,  20 days,  1,  2989,  0,  1,  2949,  0, 727, BLOCK, OFF, 2283.000, BB1/R LOAD  ON , BB2/L LOAD  ON
2459307.022681668,  20 days,  1,  2989,  0,  1,  2956,  0, 728, BLOCK, OFF, 2283.000, BB1/R LOAD  ON , BB2/L LOAD  ON
2459307.023381871,  20 days,  1,  2989,  0,  1,  2956,  0, 728, BLOCK, OFF, 2283.000, BB1/R LOAD  ON , BB2/L LOAD  ON
2459307.024081981,  20 days,  1,  2996,  0,  1,  2949,  0, 728, BLOCK, OFF, 2283.000, BB1/R LOAD  ON , BB2/L LOAD  ON
2459307.024782124,  20 days,  1,  2999,  0,  1,  2946,  0, 727, BLOCK, OFF, 2283.000, BB1/R LOAD  ON , BB2/L LOAD  ON
2459307.025482084,  20 days,  1,  2992,  0,  1,  2954,  0, 727, BLOCK, OFF, 2283.000, BB1/R LOAD  ON , BB2/L LOAD  ON
2459307.026182172,  20 days,  1,  2999,  0,  1,  2954,  0, 728, BLOCK, OFF, 2283.000, BB1/R LOAD  ON , BB2/L LOAD  ON
2459307.026882397,  20 days,  1,  2986,  0,  1,  2954,  0, 727, BLOCK, OFF, 2283.000, BB1/R LOAD  ON , BB2/L LOAD  ON
2459307.027582358,  20 days,  1,  2999,  0,  1,  2949,  0, 727, BLOCK, OFF, 2283.000, BB1/R LOAD  ON , BB2/L LOAD  ON
2459307.028282728,  20 days,  1,  2996,  0,  1,  2946,  0, 728, BLOCK, OFF, 2283.000, BB1/R LOAD  ON , BB2/L LOAD  ON
2459307.028982971,  20 days,  1,  2989,  0,  1,  2956,  0, 728, BLOCK, OFF, 2283.000, BB1/R LOAD  ON , BB2/L LOAD  ON
2459307.029683379,  20 days,  1,  2986,  0,  1,  2956,  0, 728, BLOCK, OFF, 2283.000, BB1/R LOAD  ON , BB2/L LOAD  ON
2459307.030383485,  20 days,  1,  2989,  0,  1,  2952,  0, 727, MOVING, OFF, 2283, BB1/R LOAD  ON , BB2/L LOAD  ON
2459307.031083966,  20 days,  1,  2992,  0,  1,  2952,  0, 727, BLOCK, OFF, 2283, BB1/R LOAD  ON , BB2/L LOAD  ON
2459307.031784301,  20 days,  1,  2992,  0,  1,  2952,  0, 727, BLOCK, OFF, 2283, BB1/R LOAD  ON , BB2/L LOAD  ON
2459307.032484598,  20 days,  1,  2989,  0,  1,  2955,  0, 727, BLOCK, OFF, 2283, BB1/R LOAD  ON , BB2/L LOAD  ON
2459307.033184729,  20 days,  1,  2989,  0,  1,  2955,  0, 727, BLOCK, OFF, 2283, BB1/R LOAD  ON , BB2/L LOAD  ON
2459307.033885378,  20 days,  1,  2995,  0,  1,  2955,  0, 735, OFF, ON, 2283, BB1/R LOAD  ON , BB2/L LOAD  ON
2459307.034584942,  20 days,  1,  2992,  0,  1,  2952,  0, 733, OFF, ON, 2283, BB1/R LOAD  ON , BB2/L LOAD  ON
2459307.035285357,  20 days,  1,  3005,  0,  1,  2952,  0, 734, OFF, ON, 2283, BB1/R LOAD  ON , BB2/L LOAD  ON
2459307.035985579,  20 days,  1,  2995,  0,  1,  2952,  0, 735, OFF, ON, 2283, BB1/R LOAD  ON , BB2/L LOAD  ON
2459307.036685580,  20 days,  1,  2995,  0,  1,  2959,  0, 737, OFF, ON, 2283, BB1/R LOAD  ON , BB2/L LOAD  ON
2459307.037386458,  20 days,  1,  2995,  0,  1,  2962,  0, 736, OFF, ON, 2283, BB1/R LOAD  ON , BB2/L LOAD  ON
2459307.038087110,  20 days,  1,  2995,  0,  1,  2962,  0, 735, OFF, ON, 2283, BB1/R LOAD  ON , BB2/L LOAD  ON
2459307.038786698,  20 days,  1,  2995,  0,  1,  2962,  0, 735, OFF, ON, 2283, BB1/R LOAD  ON , BB2/L LOAD  ON
2459307.039486725,  20 days,  1,  2995,  0,  1,  2962,  0, 734, OFF, ON, 2283, BB1/R LOAD  ON , BB2/L LOAD  ON
2459307.040187067,  20 days,  1,  2995,  0,  1,  2962,  0, 732, OFF, ON, 2283, BB1/R LOAD  ON , BB2/L LOAD  ON
2459307.040887267,  20 days,  1,  2995,  0,  1,  2962,  0, 733, OFF, ON, 2283, BB1/R LOAD  ON , BB2/L LOAD  ON
2459307.041587682,  20 days,  1,  2992,  0,  1,  2956,  0, 728, BLOCK, OFF, 2283.000, BB1/R LOAD  ON , BB2/L LOAD  ON
2459307.042287473,  20 days,  1,  2999,  0,  1,  2956,  0, 727, BLOCK, OFF, 2283.000, BB1/R LOAD  ON , BB2/L LOAD  ON
2459307.042987771,  20 days,  1,  2995,  0,  1,  2956,  0, 727, BLOCK, OFF, 2283.000, BB1/R LOAD  ON , BB2/L LOAD  ON
2459307.043688509,  20 days,  1,  2999,  0,  1,  2946,  0, 728, BLOCK, OFF, 2283.000, BB1/R LOAD  ON , BB2/L LOAD  ON
2459307.044388083,  20 days,  1,  2989,  0,  1,  2956,  0, 728, BLOCK, OFF, 2283.000, BB1/R LOAD  ON , BB2/L LOAD  ON
2459307.045088102,  20 days,  1,  2989,  0,  1,  2954,  0, 727, BLOCK, OFF, 2283.000, BB1/R LOAD  ON , BB2/L LOAD  ON
2459307.045789284,  20 days,  1,  2989,  0,  1,  2956,  0, 728, BLOCK, OFF, 2283.000, BB1/R LOAD  ON , BB2/L LOAD  ON
2459307.046489566,  20 days,  1,  2989,  0,  1,  2943,  0, 727, BLOCK, OFF, 2283.000, BB1/R LOAD  ON , BB2/L LOAD  ON
2459307.047190375,  20 days,  1,  2989,  0,  1,  2943,  0, 729, BLOCK, OFF, 2283.000, BB1/R LOAD  ON , BB2/L LOAD  ON
2459307.047890861,  20 days,  1,  2989,  0,  1,  2943,  0, 727, BLOCK, OFF, 2283.000, BB1/R LOAD  ON , BB2/L LOAD  ON
2459307.048591294,  20 days,  1,  2989,  0,  1,  2954,  0, 727, BLOCK, OFF, 2283.000, BB1/R LOAD  ON , BB2/L LOAD  ON
2459307.049291626,  20 days,  1,  2986,  0,  1,  2946,  0, 728, BLOCK, OFF, 2283.000, BB1/R LOAD  ON , BB2/L LOAD  ON
2459307.049991566,  20 days,  1,  2989,  0,  1,  2946,  0, 728, BLOCK, OFF, 2283.000, BB1/R LOAD  ON , BB2/L LOAD  ON
2459307.050691586,  20 days,  1,  2989,  0,  1,  2946,  0, 727, BLOCK, OFF, 2283.000, BB1/R LOAD  ON , BB2/L LOAD  ON
2459307.051392329,  20 days,  1,  2986,  0,  1,  2943,  0, 728, BLOCK, OFF, 2283.000, BB1/R LOAD  ON , BB2/L LOAD  ON
2459307.052092345,  20 days,  1,  2989,  0,  1,  2943,  0, 728, BLOCK, OFF, 2283.000, BB1/R LOAD  ON , BB2/L LOAD  ON
2459307.052792656,  20 days,  1,  2992,  0,  1,  2956,  0, 728, BLOCK, OFF, 2283.000, BB1/R LOAD  ON , BB2/L LOAD  ON
2459307.053492643,  20 days,  1,  2989,  0,  1,  2943,  0, 728, BLOCK, OFF, 2283.000, BB1/R LOAD  ON , BB2/L LOAD  ON
2459307.054193550,  20 days,  1,  2989,  0,  1,  2943,  0, 728, BLOCK, OFF, 2283.000, BB1/R LOAD  ON , BB2/L LOAD  ON
2459307.054893835,  20 days,  1,  2989,  0,  1,  2946,  0, 726, BLOCK, OFF, 2283.000, BB1/R LOAD  ON , BB2/L LOAD  ON
2459307.055594324,  20 days,  1,  2989,  0,  1,  2946,  0, 728, BLOCK, OFF, 2283.000, BB1/R LOAD  ON , BB2/L LOAD  ON
2459307.056294740,  20 days,  1,  2989,  0,  1,  2943,  0, 728, BLOCK, OFF, 2283.000, BB1/R LOAD  ON , BB2/L LOAD  ON
2459307.056994990,  20 days,  1,  2989,  0,  1,  2943,  0, 728, BLOCK, OFF, 2283.000, BB1/R LOAD  ON , BB2/L LOAD  ON
2459307.057695255,  20 days,  1,  2989,  0,  1,  2946,  0, 727, BLOCK, OFF, 2283.000, BB1/R LOAD  ON , BB2/L LOAD  ON
2459307.058395796,  20 days,  1,  2989,  0,  1,  2943,  0, 728, BLOCK, OFF, 2283.000, BB1/R LOAD  ON , BB2/L LOAD  ON
2459307.059096257,  20 days,  1,  2989,  0,  1,  2946,  0, 727, BLOCK, OFF, 2283.000, BB1/R LOAD  ON , BB2/L LOAD  ON
2459307.059796453,  20 days,  1,  2996,  0,  1,  2954,  0, 728, BLOCK, OFF, 2283.000, BB1/R LOAD  ON , BB2/L LOAD  ON
2459307.060496655,  20 days,  1,  2986,  0,  1,  2954,  0, 727, BLOCK, OFF, 2283.000, BB1/R LOAD  ON , BB2/L LOAD  ON
2459307.061196838,  20 days,  1,  2989,  0,  1,  2946,  0, 728, BLOCK, OFF, 2283.000, BB1/R LOAD  ON , BB2/L LOAD  ON
2459307.061897554,  20 days,  1,  2989,  0,  1,  2951,  0, 728, BLOCK, OFF, 2283.000, BB1/R LOAD  ON , BB2/L LOAD  ON
2459307.062597398,  20 days,  1,  2999,  0,  1,  2954,  0, 727, BLOCK, OFF, 2283.000, BB1/R LOAD  ON , BB2/L LOAD  ON
2459307.063297432,  20 days,  1,  2986,  0,  1,  2954,  0, 728, BLOCK, OFF, 2283.000, BB1/R LOAD  ON , BB2/L LOAD  ON
2459307.063997652,  20 days,  1,  2996,  0,  1,  2954,  0, 728, BLOCK, OFF, 2283.000, BB1/R LOAD  ON , BB2/L LOAD  ON
2459307.064698216,  20 days,  1,  2999,  0,  1,  2951,  0, 727, BLOCK, OFF, 2283.000, BB1/R LOAD  ON , BB2/L LOAD  ON
2459307.065398217,  20 days,  1,  2996,  0,  1,  2951,  0, 727, BLOCK, OFF, 2283.000, BB1/R LOAD  ON , BB2/L LOAD  ON
2459307.066098483,  20 days,  1,  2996,  0,  1,  2954,  0, 727, BLOCK, OFF, 2283.000, BB1/R LOAD  ON , BB2/L LOAD  ON
2459307.066798573,  20 days,  1,  2996,  0,  1,  2940,  0, 727, BLOCK, OFF, 2283.000, BB1/R LOAD  ON , BB2/L LOAD  ON
2459307.067498996,  20 days,  1,  2996,  0,  1,  2954,  0, 727, BLOCK, OFF, 2283.000, BB1/R LOAD  ON , BB2/L LOAD  ON
2459307.068199286,  20 days,  1,  2996,  0,  1,  2954,  0, 726, BLOCK, OFF, 2283.000, BB1/R LOAD  ON , BB2/L LOAD  ON
2459307.068899755,  20 days,  1,  2986,  0,  1,  2943,  0, 727, BLOCK, OFF, 2283.000, BB1/R LOAD  ON , BB2/L LOAD  ON
2459307.069600216,  20 days,  1,  2989,  0,  1,  2940,  0, 728, BLOCK, OFF, 2283.000, BB1/R LOAD  ON , BB2/L LOAD  ON
2459307.070300480,  20 days,  1,  2989,  0,  1,  2943,  0, 727, BLOCK, OFF, 2283.000, BB1/R LOAD  ON , BB2/L LOAD  ON
2459307.071000595,  20 days,  1,  2986,  0,  1,  2954,  0, 727, BLOCK, OFF, 2283.000, BB1/R LOAD  ON , BB2/L LOAD  ON
2459307.071701004,  20 days,  1,  2986,  0,  1,  2943,  0, 727, BLOCK, OFF, 2283.000, BB1/R LOAD  ON , BB2/L LOAD  ON
2459307.072401246,  20 days,  1,  2986,  0,  1,  2940,  0, 727, BLOCK, OFF, 2283.000, BB1/R LOAD  ON , BB2/L LOAD  ON
2459307.073101510,  20 days,  1,  2986,  0,  1,  2951,  0, 727, BLOCK, OFF, 2283.000, BB1/R LOAD  ON , BB2/L LOAD  ON
2459307.073802048,  20 days,  1,  2986,  0,  1,  2943,  0, 727, BLOCK, OFF, 2283.000, BB1/R LOAD  ON , BB2/L LOAD  ON
2459307.074501939,  20 days,  1,  2986,  0,  1,  2954,  0, 727, BLOCK, OFF, 2283.000, BB1/R LOAD  ON , BB2/L LOAD  ON
2459307.075202391,  20 days,  1,  2989,  0,  1,  2951,  0, 727, BLOCK, OFF, 2283.000, BB1/R LOAD  ON , BB2/L LOAD  ON
2459307.075902927,  20 days,  1,  2986,  0,  1,  2940,  0, 726, BLOCK, OFF, 2283.000, BB1/R LOAD  ON , BB2/L LOAD  ON
2459307.076603016,  20 days,  1,  2986,  0,  1,  2943,  0, 727, BLOCK, OFF, 2283.000, BB1/R LOAD  ON , BB2/L LOAD  ON
2459307.077303880,  20 days,  1,  2986,  0,  1,  2943,  0, 727, BLOCK, OFF, 2283.000, BB1/R LOAD  ON , BB2/L LOAD  ON
2459307.078003779,  20 days,  1,  2989,  0,  1,  2951,  0, 727, BLOCK, OFF, 2283.000, BB1/R LOAD  ON , BB2/L LOAD  ON
2459307.078704034,  20 days,  1,  2986,  0,  1,  2943,  0, 727, BLOCK, OFF, 2283.000, BB1/R LOAD  ON , BB2/L LOAD  ON
2459307.079404259,  20 days,  1,  2986,  0,  1,  2951,  0, 727, BLOCK, OFF, 2283.000, BB1/R LOAD  ON , BB2/L LOAD  ON
2459307.080104398,  20 days,  1,  2986,  0,  1,  2951,  0, 728, BLOCK, OFF, 2283.000, BB1/R LOAD  ON , BB2/L LOAD  ON
2459307.080804677,  20 days,  1,  2986,  0,  1,  2951,  0, 727, BLOCK, OFF, 2283.000, BB1/R LOAD  ON , BB2/L LOAD  ON
2459307.081504858,  20 days,  1,  2986,  0,  1,  2951,  0, 727, BLOCK, OFF, 2283.000, BB1/R LOAD  ON , BB2/L LOAD  ON
2459307.082205040,  20 days,  1,  2986,  0,  1,  2948,  0, 727, BLOCK, OFF, 2283.000, BB1/R LOAD  ON , BB2/L LOAD  ON
2459307.082905741,  20 days,  1,  2986,  0,  1,  2951,  0, 728, BLOCK, OFF, 2283.000, BB1/R LOAD  ON , BB2/L LOAD  ON
2459307.083605769,  20 days,  1,  2986,  0,  1,  2948,  0, 727, BLOCK, OFF, 2283.000, BB1/R LOAD  ON , BB2/L LOAD  ON
2459307.084306042,  20 days,  1,  2986,  0,  1,  2948,  0, 727, BLOCK, OFF, 2283.000, BB1/R LOAD  ON , BB2/L LOAD  ON
2459307.085006072,  20 days,  1,  2986,  0,  1,  2948,  0, 727, BLOCK, OFF, 2283.000, BB1/R LOAD  ON , BB2/L LOAD  ON
2459307.085706559,  20 days,  1,  2986,  0,  1,  2948,  0, 727, BLOCK, OFF, 2283.000, BB1/R LOAD  ON , BB2/L LOAD  ON
2459307.086407283,  20 days,  1,  2986,  0,  1,  2951,  0, 727, BLOCK, OFF, 2283.000, BB1/R LOAD  ON , BB2/L LOAD  ON
2459307.087107214,  20 days,  1,  2989,  0,  1,  2951,  0, 727, BLOCK, OFF, 2283.000, BB1/R LOAD  ON , BB2/L LOAD  ON
2459307.087807518,  20 days,  1,  2986,  0,  1,  2951,  0, 727, BLOCK, OFF, 2283.000, BB1/R LOAD  ON , BB2/L LOAD  ON
2459307.088507721,  20 days,  1,  2986,  0,  1,  2951,  0, 727, BLOCK, OFF, 2283.000, BB1/R LOAD  ON , BB2/L LOAD  ON
2459307.089207960,  20 days,  1,  2986,  0,  1,  2948,  0, 727, BLOCK, OFF, 2283.000, BB1/R LOAD  ON , BB2/L LOAD  ON
2459307.089908637,  20 days,  1,  2986,  0,  1,  2940,  0, 727, BLOCK, OFF, 2283.000, BB1/R LOAD  ON , BB2/L LOAD  ON
2459307.090609338,  20 days,  1,  2993,  0,  1,  2948,  0, 727, BLOCK, OFF, 2283.000, BB1/R LOAD  ON , BB2/L LOAD  ON
2459307.091309499,  20 days,  1,  2986,  0,  1,  2954,  0, 727, BLOCK, OFF, 2283.000, BB1/R LOAD  ON , BB2/L LOAD  ON
2459307.092009971,  20 days,  1,  2993,  0,  1,  2948,  0, 727, BLOCK, OFF, 2283.000, BB1/R LOAD  ON , BB2/L LOAD  ON
2459307.092710066,  20 days,  1,  2993,  0,  1,  2951,  0, 726, BLOCK, OFF, 2283.000, BB1/R LOAD  ON , BB2/L LOAD  ON
2459307.093410477,  20 days,  1,  2993,  0,  1,  2948,  0, 727, BLOCK, OFF, 2283.000, BB1/R LOAD  ON , BB2/L LOAD  ON
2459307.094110939,  20 days,  1,  2986,  0,  1,  2940,  0, 728, BLOCK, OFF, 2283.000, BB1/R LOAD  ON , BB2/L LOAD  ON
2459307.094811745,  20 days,  1,  2986,  0,  1,  2951,  0, 727, BLOCK, OFF, 2283.000, BB1/R LOAD  ON , BB2/L LOAD  ON
2459307.095512247,  20 days,  1,  2986,  0,  1,  2951,  0, 727, BLOCK, OFF, 2283.000, BB1/R LOAD  ON , BB2/L LOAD  ON
2459307.096213395,  20 days,  1,  2986,  0,  1,  2951,  0, 727, BLOCK, OFF, 2283.000, BB1/R LOAD  ON , BB2/L LOAD  ON
2459307.096913777,  20 days,  1,  2996,  0,  1,  2951,  0, 727, BLOCK, OFF, 2283.000, BB1/R LOAD  ON , BB2/L LOAD  ON
2459307.097613965,  20 days,  1,  2986,  0,  1,  2940,  0, 727, BLOCK, OFF, 2283.000, BB1/R LOAD  ON , BB2/L LOAD  ON
2459307.098314274,  20 days,  1,  2993,  0,  1,  2951,  0, 727, BLOCK, OFF, 2283.000, BB1/R LOAD  ON , BB2/L LOAD  ON
2459307.099014666,  20 days,  1,  2989,  0,  1,  2940,  0, 727, BLOCK, OFF, 2283.000, BB1/R LOAD  ON , BB2/L LOAD  ON
2459307.099714832,  20 days,  1,  2986,  0,  1,  2940,  0, 727, BLOCK, OFF, 2283.000, BB1/R LOAD  ON , BB2/L LOAD  ON
2459307.100415066,  20 days,  1,  2993,  0,  1,  2940,  0, 726, BLOCK, OFF, 2283.000, BB1/R LOAD  ON , BB2/L LOAD  ON
2459307.101115615,  20 days,  1,  2993,  0,  1,  2940,  0, 727, BLOCK, OFF, 2283.000, BB1/R LOAD  ON , BB2/L LOAD  ON
2459307.101815921,  20 days,  1,  2993,  0,  1,  2940,  0, 727, BLOCK, OFF, 2283.000, BB1/R LOAD  ON , BB2/L LOAD  ON
2459307.102515712,  20 days,  1,  2986,  0,  1,  2951,  0, 726, BLOCK, OFF, 2283.000, BB1/R LOAD  ON , BB2/L LOAD  ON
2459307.103215771,  20 days,  1,  2992,  0,  1,  2946,  0, 729, MOVING_OFF, OFF, 2283, BB1/R LOAD  ON , BB2/L LOAD  ON
2459307.103915806,  20 days,  1,  2989,  0,  1,  2956,  0, 729, MOVING_OFF, OFF, 2283, BB1/R LOAD  ON , BB2/L LOAD  ON
2459307.104616063,  20 days,  1,  2996,  0,  1,  2959,  0, 729, MOVING_OFF, OFF, 2283, BB1/R LOAD  ON , BB2/L LOAD  ON
2459307.105316076,  20 days,  1,  2996,  0,  1,  2959,  0, 729, MOVING_OFF, OFF, 2283, BB1/R LOAD  ON , BB2/L LOAD  ON
2459307.106016348,  20 days,  1,  2996,  0,  1,  2952,  0, 728, MOVING_OFF, OFF, 2283, BB1/R LOAD  ON , BB2/L LOAD  ON
2459307.106716559,  20 days,  1,  2989,  0,  1,  2946,  0, 734, OFF, ON, 2283, BB1/R LOAD  ON , BB2/L LOAD  ON
2459307.107416987,  20 days,  1,  2999,  0,  1,  2956,  0, 734, OFF, ON, 2283, BB1/R LOAD  ON , BB2/L LOAD  ON
2459307.108117586,  20 days,  1,  2989,  0,  1,  2949,  0, 736, OFF, ON, 2283, BB1/R LOAD  ON , BB2/L LOAD  ON
2459307.108817909,  20 days,  1,  2996,  0,  1,  2949,  0, 739, OFF, ON, 2283, BB1/R LOAD  ON , BB2/L LOAD  ON
2459307.109518407,  20 days,  1,  2989,  0,  1,  2954,  0, 739, OFF, ON, 2283, BB1/R LOAD  ON , BB2/L LOAD  ON
2459307.110218288,  20 days,  1,  2989,  0,  1,  2949,  0, 740, OFF, ON, 2283, BB1/R LOAD  ON , BB2/L LOAD  ON
2459307.110918601,  20 days,  1,  2996,  0,  1,  2946,  0, 741, OFF, ON, 2283, BB1/R LOAD  ON , BB2/L LOAD  ON
2459307.111618912,  20 days,  1,  2989,  0,  1,  2956,  0, 741, OFF, ON, 2283, BB1/R LOAD  ON , BB2/L LOAD  ON
2459307.112318899,  20 days,  1,  2996,  0,  1,  2946,  0, 740, OFF, ON, 2283, BB1/R LOAD  ON , BB2/L LOAD  ON
2459307.113019101,  20 days,  1,  2989,  0,  1,  2956,  0, 737, OFF, ON, 2283, BB1/R LOAD  ON , BB2/L LOAD  ON
2459307.113719420,  20 days,  1,  2989,  0,  1,  2949,  0, 735, OFF, ON, 2283, BB1/R LOAD  ON , BB2/L LOAD  ON
2459307.114419648,  20 days,  1,  2989,  0,  1,  2952,  0, 734, OFF, ON, 2283, BB1/R LOAD  ON , BB2/L LOAD  ON
2459307.115120074,  20 days,  1,  2989,  0,  1,  2952,  0, 731, OFF, ON, 2283, BB1/R LOAD  ON , BB2/L LOAD  ON
2459307.115821074,  20 days,  1,  2986,  0,  1,  2954,  0, 725, BLOCK, OFF, 2283.000, BB1/R LOAD  ON , BB2/L LOAD  ON
2459307.116521164,  20 days,  1,  2986,  0,  1,  2946,  0, 725, BLOCK, OFF, 2283.000, BB1/R LOAD  ON , BB2/L LOAD  ON
2459307.117221513,  20 days,  1,  2986,  0,  1,  2940,  0, 726, BLOCK, OFF, 2283.000, BB1/R LOAD  ON , BB2/L LOAD  ON
2459307.117921516,  20 days,  1,  2986,  0,  1,  2943,  0, 726, BLOCK, OFF, 2283.000, BB1/R LOAD  ON , BB2/L LOAD  ON
2459307.118622063,  20 days,  1,  2986,  0,  1,  2940,  0, 725, BLOCK, OFF, 2283.000, BB1/R LOAD  ON , BB2/L LOAD  ON
2459307.119321987,  20 days,  1,  2986,  0,  1,  2951,  0, 726, BLOCK, OFF, 2283.000, BB1/R LOAD  ON , BB2/L LOAD  ON
2459307.120022587,  20 days,  1,  2986,  0,  1,  2951,  0, 725, BLOCK, OFF, 2283.000, BB1/R LOAD  ON , BB2/L LOAD  ON
2459307.120722560,  20 days,  1,  2993,  0,  1,  2951,  0, 725, BLOCK, OFF, 2283.000, BB1/R LOAD  ON , BB2/L LOAD  ON
2459307.121422824,  20 days,  1,  2993,  0,  1,  2954,  0, 725, BLOCK, OFF, 2283.000, BB1/R LOAD  ON , BB2/L LOAD  ON
2459307.122122871,  20 days,  1,  2989,  0,  1,  2951,  0, 726, BLOCK, OFF, 2283.000, BB1/R LOAD  ON , BB2/L LOAD  ON
2459307.122823201,  20 days,  1,  2989,  0,  1,  2948,  0, 726, BLOCK, OFF, 2283.000, BB1/R LOAD  ON , BB2/L LOAD  ON
2459307.123523413,  20 days,  1,  2986,  0,  1,  2948,  0, 725, BLOCK, OFF, 2283.000, BB1/R LOAD  ON , BB2/L LOAD  ON
2459307.124223829,  20 days,  1,  2986,  0,  1,  2948,  0, 725, BLOCK, OFF, 2283.000, BB1/R LOAD  ON , BB2/L LOAD  ON
2459307.124924166,  20 days,  1,  2986,  0,  1,  2951,  0, 725, BLOCK, OFF, 2283.000, BB1/R LOAD  ON , BB2/L LOAD  ON
2459307.125624355,  20 days,  1,  2986,  0,  1,  2954,  0, 726, BLOCK, OFF, 2283.000, BB1/R LOAD  ON , BB2/L LOAD  ON
2459307.126324533,  20 days,  1,  2986,  0,  1,  2948,  0, 725, BLOCK, OFF, 2283.000, BB1/R LOAD  ON , BB2/L LOAD  ON
2459307.127024502,  20 days,  1,  2986,  0,  1,  2951,  0, 725, BLOCK, OFF, 2283.000, BB1/R LOAD  ON , BB2/L LOAD  ON
2459307.127724673,  20 days,  1,  2986,  0,  1,  2951,  0, 725, BLOCK, OFF, 2283.000, BB1/R LOAD  ON , BB2/L LOAD  ON
2459307.128425006,  20 days,  1,  2989,  0,  1,  2951,  0, 726, BLOCK, OFF, 2283.000, BB1/R LOAD  ON , BB2/L LOAD  ON
2459307.129125139,  20 days,  1,  2986,  0,  1,  2954,  0, 725, BLOCK, OFF, 2283.000, BB1/R LOAD  ON , BB2/L LOAD  ON
2459307.129825392,  20 days,  1,  2986,  0,  1,  2951,  0, 725, BLOCK, OFF, 2283.000, BB1/R LOAD  ON , BB2/L LOAD  ON
2459307.130525881,  20 days,  1,  2993,  0,  1,  2948,  0, 726, BLOCK, OFF, 2283.000, BB1/R LOAD  ON , BB2/L LOAD  ON
2459307.131225664,  20 days,  1,  2986,  0,  1,  2937,  0, 726, BLOCK, OFF, 2283.000, BB1/R LOAD  ON , BB2/L LOAD  ON
2459307.131926197,  20 days,  1,  2996,  0,  1,  2951,  0, 727, BLOCK, OFF, 2283.000, BB1/R LOAD  ON , BB2/L LOAD  ON
2459307.132626683,  20 days,  1,  2993,  0,  1,  2940,  0, 726, BLOCK, OFF, 2283.000, BB1/R LOAD  ON , BB2/L LOAD  ON
2459307.133326986,  20 days,  1,  2986,  0,  1,  2937,  0, 727, BLOCK, OFF, 2283.000, BB1/R LOAD  ON , BB2/L LOAD  ON
2459307.134027005,  20 days,  1,  2993,  0,  1,  2937,  0, 726, BLOCK, OFF, 2283.000, BB1/R LOAD  ON , BB2/L LOAD  ON
2459307.134727293,  20 days,  1,  2986,  0,  1,  2951,  0, 725, BLOCK, OFF, 2283.000, BB1/R LOAD  ON , BB2/L LOAD  ON
2459307.135427462,  20 days,  1,  2986,  0,  1,  2954,  0, 725, BLOCK, OFF, 2283.000, BB1/R LOAD  ON , BB2/L LOAD  ON
2459307.136127714,  20 days,  1,  2993,  0,  1,  2951,  0, 726, BLOCK, OFF, 2283.000, BB1/R LOAD  ON , BB2/L LOAD  ON
2459307.136827469,  20 days,  1,  2993,  0,  1,  2951,  0, 725, BLOCK, OFF, 2283.000, BB1/R LOAD  ON , BB2/L LOAD  ON
2459307.137527649,  20 days,  1,  2993,  0,  1,  2951,  0, 726, BLOCK, OFF, 2283.000, BB1/R LOAD  ON , BB2/L LOAD  ON
2459307.138228375,  20 days,  1,  2993,  0,  1,  2951,  0, 726, BLOCK, OFF, 2283.000, BB1/R LOAD  ON , BB2/L LOAD  ON
2459307.138928671,  20 days,  1,  2993,  0,  1,  2951,  0, 726, BLOCK, OFF, 2283.000, BB1/R LOAD  ON , BB2/L LOAD  ON
2459307.139628924,  20 days,  1,  2993,  0,  1,  2948,  0, 725, BLOCK, OFF, 2283.000, BB1/R LOAD  ON , BB2/L LOAD  ON
2459307.140329108,  20 days,  1,  2993,  0,  1,  2937,  0, 725, BLOCK, OFF, 2283.000, BB1/R LOAD  ON , BB2/L LOAD  ON
2459307.141029429,  20 days,  1,  2996,  0,  1,  2948,  0, 725, BLOCK, OFF, 2283.000, BB1/R LOAD  ON , BB2/L LOAD  ON
2459307.141730075,  20 days,  1,  2996,  0,  1,  2940,  0, 726, BLOCK, OFF, 2283.000, BB1/R LOAD  ON , BB2/L LOAD  ON
2459307.142430021,  20 days,  1,  2993,  0,  1,  2948,  0, 725, BLOCK, OFF, 2283.000, BB1/R LOAD  ON , BB2/L LOAD  ON
2459307.143130210,  20 days,  1,  2996,  0,  1,  2951,  0, 726, BLOCK, OFF, 2283.000, BB1/R LOAD  ON , BB2/L LOAD  ON
2459307.143831320,  20 days,  1,  2993,  0,  1,  2951,  0, 726, BLOCK, OFF, 2283.000, BB1/R LOAD  ON , BB2/L LOAD  ON
2459307.144531612,  20 days,  1,  2993,  0,  1,  2940,  0, 726, BLOCK, OFF, 2283.000, BB1/R LOAD  ON , BB2/L LOAD  ON
2459307.145232223,  20 days,  1,  2996,  0,  1,  2951,  0, 726, BLOCK, OFF, 2283.000, BB1/R LOAD  ON , BB2/L LOAD  ON
2459307.145933238,  20 days,  1,  2993,  0,  1,  2937,  0, 726, BLOCK, OFF, 2283.000, BB1/R LOAD  ON , BB2/L LOAD  ON
